variant,format,work,api,repeat,count,ns,checksum,error_bytes,result_bytes
prior,fixed,next,cpp,0,2000000,168311135.000,256991808,600,608
candidate,ber,incremental,cpp,0,2000000,363634527.000,36000000,600,608
candidate,fixed,incremental,c,0,2000000,90491755.000,36000000,600,608
main,fixed,incremental,c,0,2000000,89837704.000,36000000,40,48
candidate,fixed,failed,c,0,2000000,91547171.000,2000000,600,608
candidate,fixed,failed,cpp,0,2000000,253060542.000,2000000,600,608
candidate,fixed,incremental,c_diag,0,2000000,146883214.000,36000000,600,608
candidate,ber,next,c,0,2000000,181576743.000,256991808,600,608
main,fixed,next,cpp,0,2000000,147687059.000,256991808,40,48
candidate,ber,failed,cpp,0,2000000,296257221.000,2000000,600,608
main,ber,failed,cpp,0,2000000,198556840.000,2000000,40,48
main,ber,next,cpp,0,2000000,177711147.000,256991808,40,48
prior,ber,failed,c_diag,0,2000000,234967448.000,2000000,600,608
prior,fixed,incremental,cpp,0,2000000,282170316.000,36000000,600,608
prior,ber,range,cpp,0,2000000,209866081.000,256991808,600,608
prior,fixed,range,cpp,0,2000000,163776290.000,256991808,600,608
prior,fixed,next,c,0,2000000,127231771.000,256991808,600,608
candidate,fixed,failed,c_diag,0,2000000,127257887.000,2000000,600,608
prior,ber,failed,cpp,0,2000000,306813922.000,2000000,600,608
candidate,ber,incremental,c,0,2000000,174293437.000,36000000,600,608
main,ber,incremental,c_diag,0,2000000,191126714.000,36000000,40,48
candidate,ber,next,c_diag,0,2000000,180328423.000,256991808,600,608
prior,fixed,failed,cpp,0,2000000,310006081.000,2000000,600,608
main,fixed,range,cpp,0,2000000,206485301.000,256991808,40,48
candidate,ber,incremental,c_diag,0,2000000,173506973.000,36000000,600,608
prior,ber,incremental,cpp,0,2000000,311279454.000,36000000,600,608
main,fixed,next,c_diag,0,2000000,156563545.000,256991808,40,48
prior,ber,next,c_diag,0,2000000,203969142.000,256991808,600,608
prior,fixed,incremental,c_diag,0,2000000,152905582.000,36000000,600,608
candidate,fixed,range,cpp,0,2000000,138801518.000,256991808,600,608
main,ber,next,c,0,2000000,175583489.000,256991808,40,48
candidate,fixed,next,c,0,2000000,129263494.000,256991808,600,608
prior,ber,incremental,c_diag,0,2000000,196613896.000,36000000,600,608
main,ber,incremental,c,0,2000000,163537835.000,36000000,40,48
candidate,ber,failed,c,0,2000000,171587969.000,2000000,600,608
prior,ber,incremental,c,0,2000000,133388180.000,36000000,600,608
candidate,fixed,next,c_diag,0,2000000,130755009.000,256991808,600,608
main,ber,range,cpp,0,2000000,234617662.000,256991808,40,48
prior,ber,failed,c,0,2000000,135755575.000,2000000,600,608
prior,fixed,next,c_diag,0,2000000,150167104.000,256991808,600,608
candidate,fixed,incremental,cpp,0,2000000,246760893.000,36000000,600,608
main,ber,failed,c_diag,0,2000000,199243007.000,2000000,40,48
candidate,ber,range,cpp,0,2000000,195734346.000,256991808,600,608
prior,ber,next,c,0,2000000,180863162.000,256991808,600,608
prior,fixed,failed,c_diag,0,2000000,172203396.000,2000000,600,608
main,fixed,failed,c,0,2000000,126156634.000,2000000,40,48
prior,fixed,incremental,c,0,2000000,100452687.000,36000000,600,608
candidate,ber,next,cpp,0,2000000,182282468.000,256991808,600,608
prior,fixed,failed,c,0,2000000,99792456.000,2000000,600,608
prior,ber,next,cpp,0,2000000,201028456.000,256991808,600,608
main,ber,incremental,cpp,0,2000000,170370809.000,36000000,40,48
main,fixed,failed,cpp,0,2000000,149331545.000,2000000,40,48
main,fixed,incremental,cpp,0,2000000,122189729.000,36000000,40,48
main,fixed,next,c,0,2000000,127873333.000,256991808,40,48
main,fixed,failed,c_diag,0,2000000,148891078.000,2000000,40,48
main,fixed,incremental,c_diag,0,2000000,151314802.000,36000000,40,48
candidate,fixed,next,cpp,0,2000000,132972651.000,256991808,600,608
main,ber,failed,c,0,2000000,139375335.000,2000000,40,48
candidate,ber,failed,c_diag,0,2000000,201384721.000,2000000,600,608
main,ber,next,c_diag,0,2000000,222908482.000,256991808,40,48
main,fixed,failed,c_diag,1,2000000,166565526.000,2000000,40,48
candidate,fixed,next,c,1,2000000,132214755.000,256991808,600,608
prior,fixed,next,c,1,2000000,131475514.000,256991808,600,608
candidate,ber,next,c,1,2000000,173474558.000,256991808,600,608
candidate,fixed,failed,c_diag,1,2000000,128962954.000,2000000,600,608
prior,ber,failed,c,1,2000000,134086713.000,2000000,600,608
candidate,fixed,incremental,cpp,1,2000000,253047238.000,36000000,600,608
prior,ber,failed,c_diag,1,2000000,205240920.000,2000000,600,608
candidate,fixed,next,c_diag,1,2000000,135716647.000,256991808,600,608
main,ber,failed,c,1,2000000,143581131.000,2000000,40,48
main,ber,incremental,cpp,1,2000000,185012393.000,36000000,40,48
prior,fixed,next,cpp,1,2000000,206765528.000,256991808,600,608
prior,ber,incremental,cpp,1,2000000,370798995.000,36000000,600,608
candidate,ber,next,c_diag,1,2000000,179011661.000,256991808,600,608
main,fixed,incremental,cpp,1,2000000,132431993.000,36000000,40,48
main,ber,incremental,c_diag,1,2000000,201840832.000,36000000,40,48
main,ber,failed,cpp,1,2000000,194342329.000,2000000,40,48
prior,fixed,incremental,cpp,1,2000000,265954349.000,36000000,600,608
candidate,ber,failed,cpp,1,2000000,287578260.000,2000000,600,608
prior,fixed,failed,c_diag,1,2000000,158791329.000,2000000,600,608
prior,ber,incremental,c_diag,1,2000000,225457059.000,36000000,600,608
candidate,ber,incremental,c_diag,1,2000000,184965430.000,36000000,600,608
candidate,fixed,incremental,c_diag,1,2000000,133538896.000,36000000,600,608
prior,fixed,range,cpp,1,2000000,164969650.000,256991808,600,608
prior,ber,next,c,1,2000000,171728165.000,256991808,600,608
prior,fixed,failed,c,1,2000000,91743768.000,2000000,600,608
prior,ber,incremental,c,1,2000000,137675553.000,36000000,600,608
candidate,ber,failed,c_diag,1,2000000,178734826.000,2000000,600,608
main,ber,next,c_diag,1,2000000,202596754.000,256991808,40,48
candidate,ber,incremental,c,1,2000000,137799092.000,36000000,600,608
prior,ber,failed,cpp,1,2000000,315947801.000,2000000,600,608
main,fixed,incremental,c,1,2000000,93942550.000,36000000,40,48
main,fixed,failed,cpp,1,2000000,158394955.000,2000000,40,48
main,fixed,incremental,c_diag,1,2000000,169361098.000,36000000,40,48
candidate,ber,next,cpp,1,2000000,198013001.000,256991808,600,608
main,fixed,failed,c,1,2000000,99028220.000,2000000,40,48
main,fixed,next,cpp,1,2000000,144781614.000,256991808,40,48
candidate,fixed,next,cpp,1,2000000,135007414.000,256991808,600,608
main,ber,incremental,c,1,2000000,136361463.000,36000000,40,48
main,ber,range,cpp,1,2000000,235168615.000,256991808,40,48
prior,fixed,incremental,c_diag,1,2000000,150235479.000,36000000,600,608
prior,fixed,failed,cpp,1,2000000,266458559.000,2000000,600,608
candidate,fixed,failed,cpp,1,2000000,250330812.000,2000000,600,608
candidate,fixed,range,cpp,1,2000000,152303831.000,256991808,600,608
main,ber,next,c,1,2000000,205937341.000,256991808,40,48
candidate,fixed,incremental,c,1,2000000,106829020.000,36000000,600,608
prior,ber,next,cpp,1,2000000,202328928.000,256991808,600,608
candidate,ber,incremental,cpp,1,2000000,291565674.000,36000000,600,608
main,fixed,range,cpp,1,2000000,180547191.000,256991808,40,48
candidate,ber,failed,c,1,2000000,135714916.000,2000000,600,608
prior,fixed,incremental,c,1,2000000,88735565.000,36000000,600,608
main,fixed,next,c,1,2000000,126984621.000,256991808,40,48
main,fixed,next,c_diag,1,2000000,151741791.000,256991808,40,48
candidate,fixed,failed,c,1,2000000,90322074.000,2000000,600,608
prior,ber,next,c_diag,1,2000000,199171301.000,256991808,600,608
main,ber,next,cpp,1,2000000,182340299.000,256991808,40,48
main,ber,failed,c_diag,1,2000000,228554649.000,2000000,40,48
prior,fixed,next,c_diag,1,2000000,159177191.000,256991808,600,608
prior,ber,range,cpp,1,2000000,211348045.000,256991808,600,608
candidate,ber,range,cpp,1,2000000,186095264.000,256991808,600,608
candidate,fixed,incremental,c_diag,2,2000000,155015041.000,36000000,600,608
candidate,ber,next,c_diag,2,2000000,176052544.000,256991808,600,608
prior,fixed,next,cpp,2,2000000,162553123.000,256991808,600,608
candidate,ber,failed,c,2,2000000,132617043.000,2000000,600,608
main,ber,incremental,cpp,2,2000000,179696462.000,36000000,40,48
candidate,ber,next,c,2,2000000,195422874.000,256991808,600,608
candidate,fixed,failed,c_diag,2,2000000,247907224.000,2000000,600,608
main,ber,failed,c_diag,2,2000000,249171261.000,2000000,40,48
main,ber,failed,cpp,2,2000000,225042725.000,2000000,40,48
prior,ber,incremental,c,2,2000000,137590469.000,36000000,600,608
candidate,ber,incremental,c_diag,2,2000000,173241529.000,36000000,600,608
main,fixed,next,c_diag,2,2000000,157726551.000,256991808,40,48
prior,fixed,failed,c_diag,2,2000000,150000001.000,2000000,600,608
candidate,fixed,range,cpp,2,2000000,145143185.000,256991808,600,608
prior,fixed,next,c,2,2000000,135540136.000,256991808,600,608
candidate,ber,failed,c_diag,2,2000000,174773884.000,2000000,600,608
prior,fixed,failed,c,2,2000000,96992417.000,2000000,600,608
prior,fixed,incremental,cpp,2,2000000,263035410.000,36000000,600,608
candidate,fixed,next,cpp,2,2000000,134457231.000,256991808,600,608
main,fixed,incremental,c,2,2000000,93406241.000,36000000,40,48
main,fixed,failed,c,2,2000000,103754615.000,2000000,40,48
candidate,ber,range,cpp,2,2000000,226278854.000,256991808,600,608
main,fixed,incremental,cpp,2,2000000,131027071.000,36000000,40,48
candidate,fixed,failed,cpp,2,2000000,243235111.000,2000000,600,608
prior,ber,next,c,2,2000000,174457612.000,256991808,600,608
candidate,ber,next,cpp,2,2000000,180380414.000,256991808,600,608
candidate,fixed,incremental,c,2,2000000,91938336.000,36000000,600,608
prior,fixed,range,cpp,2,2000000,162587119.000,256991808,600,608
candidate,ber,incremental,c,2,2000000,132911426.000,36000000,600,608
main,ber,range,cpp,2,2000000,225177636.000,256991808,40,48
main,fixed,range,cpp,2,2000000,183016059.000,256991808,40,48
candidate,ber,incremental,cpp,2,2000000,299132016.000,36000000,600,608
main,ber,incremental,c,2,2000000,159369059.000,36000000,40,48
candidate,fixed,next,c_diag,2,2000000,154055293.000,256991808,600,608
prior,fixed,incremental,c_diag,2,2000000,147989907.000,36000000,600,608
candidate,fixed,next,c,2,2000000,126755281.000,256991808,600,608
main,ber,next,c,2,2000000,174129004.000,256991808,40,48
candidate,fixed,failed,c,2,2000000,92795857.000,2000000,600,608
prior,ber,incremental,cpp,2,2000000,308532329.000,36000000,600,608
main,fixed,incremental,c_diag,2,2000000,161606486.000,36000000,40,48
main,ber,next,c_diag,2,2000000,205540269.000,256991808,40,48
prior,ber,failed,c_diag,2,2000000,199950356.000,2000000,600,608
prior,ber,range,cpp,2,2000000,219486885.000,256991808,600,608
prior,fixed,next,c_diag,2,2000000,159266673.000,256991808,600,608
candidate,ber,failed,cpp,2,2000000,346611640.000,2000000,600,608
main,fixed,failed,c_diag,2,2000000,154071654.000,2000000,40,48
candidate,fixed,incremental,cpp,2,2000000,240504053.000,36000000,600,608
main,fixed,next,c,2,2000000,129540746.000,256991808,40,48
prior,ber,failed,c,2,2000000,137165612.000,2000000,600,608
prior,ber,incremental,c_diag,2,2000000,194089766.000,36000000,600,608
prior,ber,next,cpp,2,2000000,213860787.000,256991808,600,608
main,ber,failed,c,2,2000000,137153247.000,2000000,40,48
main,fixed,failed,cpp,2,2000000,156557456.000,2000000,40,48
prior,fixed,incremental,c,2,2000000,92783928.000,36000000,600,608
prior,ber,next,c_diag,2,2000000,228334074.000,256991808,600,608
prior,fixed,failed,cpp,2,2000000,277347862.000,2000000,600,608
main,ber,next,cpp,2,2000000,178699996.000,256991808,40,48
main,fixed,next,cpp,2,2000000,142331805.000,256991808,40,48
prior,ber,failed,cpp,2,2000000,308290863.000,2000000,600,608
main,ber,incremental,c_diag,2,2000000,196256198.000,36000000,40,48
main,fixed,range,cpp,3,2000000,188957131.000,256991808,40,48
prior,fixed,incremental,c,3,2000000,91008829.000,36000000,600,608
main,fixed,failed,c,3,2000000,91473399.000,2000000,40,48
prior,ber,next,cpp,3,2000000,205111108.000,256991808,600,608
candidate,fixed,failed,c_diag,3,2000000,130939994.000,2000000,600,608
main,fixed,next,c_diag,3,2000000,161718893.000,256991808,40,48
candidate,ber,incremental,cpp,3,2000000,347589778.000,36000000,600,608
main,ber,failed,cpp,3,2000000,187864594.000,2000000,40,48
candidate,fixed,next,c_diag,3,2000000,131163060.000,256991808,600,608
main,ber,failed,c,3,2000000,140480342.000,2000000,40,48
candidate,fixed,range,cpp,3,2000000,137608869.000,256991808,600,608
main,ber,incremental,c_diag,3,2000000,231641575.000,36000000,40,48
candidate,ber,next,c,3,2000000,173209871.000,256991808,600,608
prior,ber,incremental,c_diag,3,2000000,193299472.000,36000000,600,608
candidate,ber,next,cpp,3,2000000,182948102.000,256991808,600,608
candidate,fixed,incremental,c,3,2000000,91374990.000,36000000,600,608
candidate,fixed,failed,c,3,2000000,104106437.000,2000000,600,608
prior,ber,failed,cpp,3,2000000,352037145.000,2000000,600,608
candidate,ber,failed,c_diag,3,2000000,186901004.000,2000000,600,608
candidate,fixed,next,cpp,3,2000000,138382723.000,256991808,600,608
candidate,ber,incremental,c_diag,3,2000000,174277599.000,36000000,600,608
prior,fixed,next,cpp,3,2000000,157166785.000,256991808,600,608
prior,ber,next,c_diag,3,2000000,197490449.000,256991808,600,608
candidate,ber,incremental,c,3,2000000,132776781.000,36000000,600,608
prior,fixed,failed,cpp,3,2000000,261075485.000,2000000,600,608
main,ber,next,cpp,3,2000000,180021307.000,256991808,40,48
main,fixed,incremental,cpp,3,2000000,124654107.000,36000000,40,48
prior,fixed,incremental,c_diag,3,2000000,163413853.000,36000000,600,608
main,fixed,failed,c_diag,3,2000000,166710865.000,2000000,40,48
candidate,ber,range,cpp,3,2000000,198324586.000,256991808,600,608
main,ber,incremental,c,3,2000000,161121544.000,36000000,40,48
prior,fixed,failed,c_diag,3,2000000,147679147.000,2000000,600,608
candidate,fixed,next,c,3,2000000,129870671.000,256991808,600,608
main,fixed,next,cpp,3,2000000,136832872.000,256991808,40,48
candidate,fixed,failed,cpp,3,2000000,237388134.000,2000000,600,608
main,ber,next,c,3,2000000,172385635.000,256991808,40,48
prior,fixed,next,c,3,2000000,128314361.000,256991808,600,608
prior,fixed,failed,c,3,2000000,106761605.000,2000000,600,608
prior,ber,incremental,c,3,2000000,135556917.000,36000000,600,608
prior,fixed,next,c_diag,3,2000000,159382503.000,256991808,600,608
prior,fixed,incremental,cpp,3,2000000,276595037.000,36000000,600,608
candidate,ber,next,c_diag,3,2000000,196187363.000,256991808,600,608
candidate,ber,failed,c,3,2000000,158622323.000,2000000,600,608
candidate,ber,failed,cpp,3,2000000,283348824.000,2000000,600,608
main,fixed,next,c,3,2000000,135560809.000,256991808,40,48
candidate,fixed,incremental,cpp,3,2000000,237521942.000,36000000,600,608
main,fixed,failed,cpp,3,2000000,148693830.000,2000000,40,48
main,fixed,incremental,c_diag,3,2000000,158098360.000,36000000,40,48
main,ber,next,c_diag,3,2000000,207246587.000,256991808,40,48
prior,ber,range,cpp,3,2000000,213131316.000,256991808,600,608
prior,fixed,range,cpp,3,2000000,168979704.000,256991808,600,608
prior,ber,incremental,cpp,3,2000000,358353355.000,36000000,600,608
prior,ber,failed,c,3,2000000,143668829.000,2000000,600,608
prior,ber,next,c,3,2000000,171243540.000,256991808,600,608
main,fixed,incremental,c,3,2000000,96440005.000,36000000,40,48
main,ber,failed,c_diag,3,2000000,194600590.000,2000000,40,48
prior,ber,failed,c_diag,3,2000000,193775000.000,2000000,600,608
main,ber,incremental,cpp,3,2000000,179519942.000,36000000,40,48
candidate,fixed,incremental,c_diag,3,2000000,134319857.000,36000000,600,608
main,ber,range,cpp,3,2000000,229424331.000,256991808,40,48
prior,ber,range,cpp,4,2000000,201133607.000,256991808,600,608
prior,ber,incremental,c,4,2000000,140049598.000,36000000,600,608
prior,ber,next,cpp,4,2000000,250289913.000,256991808,600,608
candidate,fixed,failed,c,4,2000000,101301581.000,2000000,600,608
candidate,fixed,next,c_diag,4,2000000,139565359.000,256991808,600,608
main,ber,next,c_diag,4,2000000,198791642.000,256991808,40,48
candidate,ber,range,cpp,4,2000000,189332833.000,256991808,600,608
candidate,fixed,failed,c_diag,4,2000000,127223352.000,2000000,600,608
main,ber,next,cpp,4,2000000,180258124.000,256991808,40,48
candidate,ber,incremental,c,4,2000000,133172361.000,36000000,600,608
prior,fixed,next,c_diag,4,2000000,152016891.000,256991808,600,608
prior,ber,failed,cpp,4,2000000,325668672.000,2000000,600,608
main,fixed,range,cpp,4,2000000,177011777.000,256991808,40,48
main,ber,next,c,4,2000000,206810272.000,256991808,40,48
candidate,ber,incremental,c_diag,4,2000000,232952636.000,36000000,600,608
prior,fixed,incremental,cpp,4,2000000,269603628.000,36000000,600,608
main,fixed,failed,c_diag,4,2000000,147802342.000,2000000,40,48
prior,fixed,next,c,4,2000000,126276135.000,256991808,600,608
candidate,fixed,incremental,c_diag,4,2000000,131928758.000,36000000,600,608
candidate,ber,failed,c,4,2000000,145328835.000,2000000,600,608
candidate,ber,failed,cpp,4,2000000,285744617.000,2000000,600,608
candidate,fixed,incremental,cpp,4,2000000,241463376.000,36000000,600,608
candidate,fixed,failed,cpp,4,2000000,241526036.000,2000000,600,608
prior,fixed,failed,c_diag,4,2000000,158012404.000,2000000,600,608
main,fixed,next,cpp,4,2000000,149139274.000,256991808,40,48
main,ber,failed,cpp,4,2000000,201334516.000,2000000,40,48
prior,ber,failed,c_diag,4,2000000,204197384.000,2000000,600,608
main,fixed,incremental,cpp,4,2000000,124322433.000,36000000,40,48
main,ber,incremental,cpp,4,2000000,177182125.000,36000000,40,48
candidate,ber,next,c_diag,4,2000000,174264420.000,256991808,600,608
prior,fixed,range,cpp,4,2000000,157508775.000,256991808,600,608
prior,fixed,next,cpp,4,2000000,155113176.000,256991808,600,608
candidate,fixed,range,cpp,4,2000000,136834773.000,256991808,600,608
prior,fixed,failed,cpp,4,2000000,271014053.000,2000000,600,608
candidate,ber,failed,c_diag,4,2000000,178743569.000,2000000,600,608
candidate,ber,incremental,cpp,4,2000000,325944399.000,36000000,600,608
main,fixed,incremental,c_diag,4,2000000,158381297.000,36000000,40,48
prior,ber,next,c,4,2000000,179821106.000,256991808,600,608
main,fixed,next,c_diag,4,2000000,166317423.000,256991808,40,48
prior,ber,next,c_diag,4,2000000,195493109.000,256991808,600,608
main,fixed,failed,c,4,2000000,91394290.000,2000000,40,48
prior,fixed,failed,c,4,2000000,92794070.000,2000000,600,608
prior,fixed,incremental,c,4,2000000,92053547.000,36000000,600,608
main,ber,failed,c,4,2000000,136127869.000,2000000,40,48
candidate,fixed,next,c,4,2000000,139233803.000,256991808,600,608
main,ber,incremental,c_diag,4,2000000,192990802.000,36000000,40,48
candidate,fixed,incremental,c,4,2000000,89928631.000,36000000,600,608
main,fixed,incremental,c,4,2000000,91795770.000,36000000,40,48
main,fixed,failed,cpp,4,2000000,147243902.000,2000000,40,48
main,ber,incremental,c,4,2000000,160705825.000,36000000,40,48
candidate,fixed,next,cpp,4,2000000,166976269.000,256991808,600,608
prior,fixed,incremental,c_diag,4,2000000,172616682.000,36000000,600,608
main,ber,range,cpp,4,2000000,225421929.000,256991808,40,48
prior,ber,incremental,c_diag,4,2000000,192603880.000,36000000,600,608
candidate,ber,next,c,4,2000000,172943202.000,256991808,600,608
prior,ber,failed,c,4,2000000,140289250.000,2000000,600,608
main,fixed,next,c,4,2000000,133106496.000,256991808,40,48
main,ber,failed,c_diag,4,2000000,198497588.000,2000000,40,48
candidate,ber,next,cpp,4,2000000,184911246.000,256991808,600,608
prior,ber,incremental,cpp,4,2000000,335204835.000,36000000,600,608
candidate,ber,incremental,c,5,2000000,272790995.000,36000000,600,608
main,fixed,next,cpp,5,2000000,154527201.000,256991808,40,48
prior,fixed,next,c,5,2000000,127364327.000,256991808,600,608
main,ber,next,c,5,2000000,172470824.000,256991808,40,48
candidate,ber,next,c,5,2000000,182084348.000,256991808,600,608
prior,ber,failed,c,5,2000000,139443963.000,2000000,600,608
candidate,fixed,range,cpp,5,2000000,137706823.000,256991808,600,608
candidate,fixed,failed,c,5,2000000,95193182.000,2000000,600,608
main,fixed,next,c,5,2000000,127253414.000,256991808,40,48
candidate,fixed,next,cpp,5,2000000,136098250.000,256991808,600,608
main,fixed,failed,c_diag,5,2000000,153261832.000,2000000,40,48
prior,fixed,range,cpp,5,2000000,165940702.000,256991808,600,608
main,fixed,incremental,c_diag,5,2000000,154630124.000,36000000,40,48
main,fixed,incremental,c,5,2000000,103142078.000,36000000,40,48
candidate,ber,range,cpp,5,2000000,229028363.000,256991808,600,608
candidate,fixed,next,c,5,2000000,144947853.000,256991808,600,608
candidate,ber,failed,c,5,2000000,133216748.000,2000000,600,608
main,ber,next,cpp,5,2000000,183029566.000,256991808,40,48
main,ber,range,cpp,5,2000000,229783151.000,256991808,40,48
prior,ber,next,c,5,2000000,183348885.000,256991808,600,608
main,fixed,failed,c,5,2000000,96107980.000,2000000,40,48
main,ber,failed,c_diag,5,2000000,195345289.000,2000000,40,48
prior,ber,incremental,c_diag,5,2000000,192432396.000,36000000,600,608
prior,ber,next,c_diag,5,2000000,196890881.000,256991808,600,608
candidate,ber,failed,cpp,5,2000000,285122259.000,2000000,600,608
candidate,ber,incremental,c_diag,5,2000000,213017160.000,36000000,600,608
candidate,fixed,incremental,c_diag,5,2000000,145298252.000,36000000,600,608
prior,fixed,incremental,cpp,5,2000000,262437647.000,36000000,600,608
prior,fixed,next,c_diag,5,2000000,156953950.000,256991808,600,608
candidate,ber,failed,c_diag,5,2000000,176377575.000,2000000,600,608
candidate,fixed,incremental,cpp,5,2000000,251559998.000,36000000,600,608
prior,fixed,incremental,c,5,2000000,94492628.000,36000000,600,608
candidate,ber,next,cpp,5,2000000,180382405.000,256991808,600,608
prior,fixed,next,cpp,5,2000000,159367977.000,256991808,600,608
main,ber,next,c_diag,5,2000000,202037134.000,256991808,40,48
main,fixed,range,cpp,5,2000000,231269203.000,256991808,40,48
main,ber,incremental,c_diag,5,2000000,622827899.000,36000000,40,48
main,fixed,failed,cpp,5,2000000,255563669.000,2000000,40,48
main,fixed,incremental,cpp,5,2000000,154211430.000,36000000,40,48
prior,ber,failed,c_diag,5,2000000,198259390.000,2000000,600,608
candidate,fixed,incremental,c,5,2000000,97365871.000,36000000,600,608
main,ber,incremental,c,5,2000000,141576427.000,36000000,40,48
main,fixed,next,c_diag,5,2000000,159760509.000,256991808,40,48
prior,fixed,failed,c_diag,5,2000000,167731525.000,2000000,600,608
main,ber,failed,c,5,2000000,137258627.000,2000000,40,48
prior,ber,next,cpp,5,2000000,199235031.000,256991808,600,608
candidate,ber,incremental,cpp,5,2000000,284419826.000,36000000,600,608
prior,ber,failed,cpp,5,2000000,362085763.000,2000000,600,608
candidate,fixed,failed,c_diag,5,2000000,148427925.000,2000000,600,608
prior,fixed,failed,c,5,2000000,97432433.000,2000000,600,608
candidate,fixed,next,c_diag,5,2000000,128870121.000,256991808,600,608
prior,ber,range,cpp,5,2000000,200865879.000,256991808,600,608
candidate,ber,next,c_diag,5,2000000,175852701.000,256991808,600,608
candidate,fixed,failed,cpp,5,2000000,242396743.000,2000000,600,608
prior,ber,incremental,c,5,2000000,135256635.000,36000000,600,608
main,ber,failed,cpp,5,2000000,189136693.000,2000000,40,48
prior,fixed,incremental,c_diag,5,2000000,152192898.000,36000000,600,608
main,ber,incremental,cpp,5,2000000,170437490.000,36000000,40,48
prior,ber,incremental,cpp,5,2000000,323466682.000,36000000,600,608
prior,fixed,failed,cpp,5,2000000,274394204.000,2000000,600,608
main,ber,failed,c,6,2000000,149702263.000,2000000,40,48
main,ber,incremental,cpp,6,2000000,181960088.000,36000000,40,48
prior,fixed,next,c,6,2000000,131874279.000,256991808,600,608
main,fixed,next,c_diag,6,2000000,158696945.000,256991808,40,48
candidate,ber,next,c_diag,6,2000000,179973207.000,256991808,600,608
candidate,ber,incremental,c_diag,6,2000000,174358416.000,36000000,600,608
prior,ber,incremental,c,6,2000000,133787506.000,36000000,600,608
candidate,fixed,failed,c_diag,6,2000000,133377769.000,2000000,600,608
main,ber,incremental,c_diag,6,2000000,194150714.000,36000000,40,48
prior,ber,range,cpp,6,2000000,210061323.000,256991808,600,608
main,ber,incremental,c,6,2000000,165231776.000,36000000,40,48
candidate,ber,next,cpp,6,2000000,192937683.000,256991808,600,608
main,ber,failed,cpp,6,2000000,189770988.000,2000000,40,48
main,fixed,failed,cpp,6,2000000,153590928.000,2000000,40,48
candidate,ber,range,cpp,6,2000000,189308241.000,256991808,600,608
prior,fixed,failed,c_diag,6,2000000,153022130.000,2000000,600,608
prior,fixed,range,cpp,6,2000000,218616779.000,256991808,600,608
main,fixed,next,c,6,2000000,134490089.000,256991808,40,48
candidate,fixed,next,cpp,6,2000000,147332951.000,256991808,600,608
candidate,ber,failed,cpp,6,2000000,291459009.000,2000000,600,608
candidate,ber,next,c,6,2000000,198140453.000,256991808,600,608
prior,ber,failed,c_diag,6,2000000,220772380.000,2000000,600,608
candidate,fixed,next,c_diag,6,2000000,147522382.000,256991808,600,608
candidate,ber,incremental,c,6,2000000,143323369.000,36000000,600,608
main,fixed,failed,c,6,2000000,93028268.000,2000000,40,48
candidate,fixed,failed,c,6,2000000,90321033.000,2000000,600,608
main,fixed,incremental,c_diag,6,2000000,153042112.000,36000000,40,48
main,fixed,incremental,cpp,6,2000000,128095378.000,36000000,40,48
candidate,ber,incremental,cpp,6,2000000,286829091.000,36000000,600,608
main,fixed,next,cpp,6,2000000,132781708.000,256991808,40,48
prior,fixed,next,c_diag,6,2000000,158075988.000,256991808,600,608
prior,fixed,failed,c,6,2000000,90709725.000,2000000,600,608
main,ber,next,c_diag,6,2000000,194849860.000,256991808,40,48
prior,ber,next,c_diag,6,2000000,211417992.000,256991808,600,608
main,ber,next,c,6,2000000,224269024.000,256991808,40,48
prior,fixed,failed,cpp,6,2000000,291904780.000,2000000,600,608
main,fixed,incremental,c,6,2000000,93934025.000,36000000,40,48
main,fixed,range,cpp,6,2000000,182713513.000,256991808,40,48
candidate,fixed,incremental,c,6,2000000,92062679.000,36000000,600,608
prior,fixed,incremental,c_diag,6,2000000,160526538.000,36000000,600,608
prior,ber,next,cpp,6,2000000,217030251.000,256991808,600,608
main,ber,range,cpp,6,2000000,227546700.000,256991808,40,48
prior,ber,next,c,6,2000000,173971498.000,256991808,600,608
main,ber,failed,c_diag,6,2000000,196641944.000,2000000,40,48
prior,ber,failed,cpp,6,2000000,337034955.000,2000000,600,608
main,fixed,failed,c_diag,6,2000000,204150558.000,2000000,40,48
candidate,fixed,range,cpp,6,2000000,150746221.000,256991808,600,608
prior,fixed,next,cpp,6,2000000,161030748.000,256991808,600,608
candidate,fixed,incremental,cpp,6,2000000,244883648.000,36000000,600,608
candidate,fixed,next,c,6,2000000,134540713.000,256991808,600,608
prior,fixed,incremental,cpp,6,2000000,271026120.000,36000000,600,608
prior,ber,incremental,c_diag,6,2000000,197234611.000,36000000,600,608
prior,ber,failed,c,6,2000000,137324206.000,2000000,600,608
candidate,fixed,failed,cpp,6,2000000,237725608.000,2000000,600,608
candidate,ber,failed,c_diag,6,2000000,175162033.000,2000000,600,608
prior,ber,incremental,cpp,6,2000000,382332453.000,36000000,600,608
candidate,fixed,incremental,c_diag,6,2000000,139249233.000,36000000,600,608
candidate,ber,failed,c,6,2000000,162774004.000,2000000,600,608
main,ber,next,cpp,6,2000000,179004967.000,256991808,40,48
prior,fixed,incremental,c,6,2000000,147963761.000,36000000,600,608
